size,seq_len,baseline_mean_ms,sparge_mean_ms,speedup,baseline_min_ms,baseline_max_ms,sparge_min_ms,sparge_max_ms
h640,1024,11.358515167236328,22.635065841674805,0.5018105644881081,10.609631538391113,12.68496036529541,22.022144317626953,23.644960403442383
h640,4096,100.61885986328124,28.43583984375,3.538452193294251,100.48812866210938,100.74540710449219,28.086271286010742,28.986591339111328
h640,8192,365.6124206542969,51.314483642578125,7.124936172034877,365.3509216308594,365.8680419921875,50.050048828125,53.37702560424805
h896,1024,14.650572967529296,30.038796997070314,0.4877216943460874,14.552063941955566,14.930944442749023,28.710880279541016,34.32038497924805
h896,4096,185.81752319335936,42.820230102539064,4.339479791406846,185.6254425048828,185.97581481933594,42.224639892578125,43.421695709228516
h896,8192,671.059912109375,94.9240509033203,7.069440312791184,670.8755493164062,671.29833984375,94.49676513671875,95.85151672363281
h1152,1024,22.114252471923827,37.99310073852539,0.5820596908927664,21.463808059692383,22.556671142578125,36.26899337768555,38.90892791748047
h1152,4096,193.2813720703125,72.68951721191407,2.6589992544156424,192.85708618164062,194.50770568847656,71.46908569335938,73.51718139648438
h1152,8192,648.4875366210938,160.18839111328126,4.048280478468003,648.1255493164062,648.8997802734375,154.4837188720703,168.15206909179688
